Studio,Popularity
A-1 Pictures,15040408
MADHOUSE,13579096
J.C.STAFF,12607568
bones,11966341
Production I.G,8767325
MAPPA,8478614
Kyoto Animation,7670602
WIT STUDIO,7291522
Studio Pierrot,7171161
CloverWorks,6571328
Sunrise,5788081
Toei Animation,5719640
TMS Entertainment,5537802
Studio DEEN,5534200
SILVER LINK.,5299670
ufotable,5066337
WHITE FOX,4733620
Shaft,4681799
Lerche,4356213
Doga Kobo,3699766
Brain's Base,3682564
David Production,3653491
OLM,3580151
8-bit,3354677
P.A.WORKS,3270536
LIDENFILMS,3246352
Studio Ghibli,2804092
TRIGGER,2596203
Kinema Citrus,2565999
feel.,2300810
Satelight,2199834
GONZO,2103039
Gainax,1952412
Xebec,1919937
CoMix Wave,1899625
diomedéa,1868202
project No.9,1498423
Tezuka Productions,1432847
Passione,1411660
Seven Arcs,1408986
Manglobe,1371300
Asread,1359392
TNK,1354402
Science SARU,1341189
Shin-Ei Animation,1290281
Tatsunoko Production,1272052
Studio Bind,1241910
Studio Gokumi,1204765
Telecom Animation Film,1184955
Zero-G,1166577
AIC,1153809
Bandai Namco Pictures,1138212
C2C,1002693
Ajiado,970927
Orange,948279
Nexus,900638
Arms,894577
EMT Squared,893492
Production IMS,880332
ZEXCS,876280
SynergySP,851587
GoHands,832915
Artland,786939
Seven,766720
ENGI,761371
TROYCA,736808
Graphinica,731530
Bibury Animation Studios,715449
Lay-duce,700470
GEEKTOYS,699882
Shuka,686956
Bridge,686580
Studio 3Hz,662441
Signal.MD,655929
Hoods Entertainment,655176
PINE JAM,652037
EGG FIRM,651533
NAZ,628790
Maho Film,609031
A.C.G.T.,581508
Okuruto Noboru,576220
Actas,572820
Nippon Animation,571162
NUT,567427
Studio Khara,549907
Studio Gallop,547563
Studio VOLN,546658
Millepensee,534631
CONNECT,532650
Studio 4°C,532255
Marvy Jack,528450
Yokohama Animation Lab,526534
Tokyo Movie Shinsha,525629
Nomad,523139
AIC Build,521801
Drive,520392
Felix Film,507645
Studio Comet,481195
Studio Colorido,471512
Arvo Animation,445360
POLYGON PICTURES,444712
Hal Film Maker,439977
Asahi Production,432921
Studio KAI,430639
Ashi Productions,421596
Studio Signpost,411325
CygamesPictures,410897
C-Station,409755
studio MOTHER,409367
Geno Studio,409043
Studio Hibari,405027
TOHO animation STUDIO,402651
AIC Plus+,400003
Studio Chizu,398637
SANZIGEN,398568
Studio LAN,396580
BLADE,393576
AIC A.S.T.A.,389960
Haoliners Animation,386986
Platinum Vision,384611
AXsiZ,373995
Studio PuYUKAI,364339
Encourage Films,346010
Triangle Staff,342797
Daume,326502
bones film,322460
Yumeta Company,322285
Lapin Track,313155
Bee Train,311189
TYO Animations,308686
Studio Blanc,296410
Studio Palette,295667
Fanworks,288534
studio A-CAT,285600
Creators in Pack,283191
REVOROOT,276640
TYPHOON GRAPHICS,268014
Staple Entertainment,261966
WAO World,259749
Studio Silver,253565
HORNETS,252108
T-REX,249902
Yostar Pictures,249752
DR Movie,249729
Atelier Pontdarc,248272
APPP,246511
Pb Animation,245079
AIC Spirits,235387
Group TAC,233697
BUG FILMS,232878
B.CMAY PICTURES,218233
Magic Bus,212008
WolfsBane,208300
Kamikaze Douga,198717
Gekkou,197541
CLOUDHEARTS,190579
Ordet,188521
Liber,186123
Studio Flad,182419
Studio Rikka,178361
Imagin,177199
Ezo’la,175487
domerica,174563
DLE,166522
Children's Playground Entertainment,156602
P.I.C.S.,152406
Gaina,151849
Tear-Studio,150016
The Answer Studio,149266
Quad,148517
Big Firebird Cultural Media,146772
Shogakukan Music & Digital Entertainment,138407
Studio Kafka,137853
exsa,132937
Studio elle,131154
Radix,130626
Sharefun Studio,130204
Hayabusa Film,128833
Tsumugi Akita Anime Lab,128081
G.CMay Animation & Film,126837
Shirogumi,125770
GEMBA,121342
ILCA,121077
Jumondou,119266
Colored Pencil Animation,118508
Larx Entertainment,117948
Studio Massket,117847
CLAP,116681
Studio 1st,115702
Team Yamahitsuji,115270
PIERROT FILMS,114940
E&H Production,114706
Animate Film,114341
Foch,109678
Sublimation,109617
East Fish Studio,107788
Vega Entertainment,106919
ENISHIYA,103710
Studio M2,102042
BAKKEN RECORD,101484
EKACHI EPILKA,101188
Studio Fantasia,100509
Hotline,99897
Studio Durian,99375
Qualia Animation,99046
Topcraft,98127
Mushi Production,97682
Paper Plane Animation Studio,97525
Studio Add,95995
Sunrise Beyond,95270
Akatsuki,94676
production doA,93656
Purple Cow Studio Japan,93569
Pastel,91841
CMC Media,84179
OZ,84043
Fugaku,82542
Lesprit,81211
Studio Houkiboshi,81043
Gathering,78844
Makaria,78778
Production +h,77656
Kitty Film,77077
T.P.O,75920
K-Factory,75920
M.S.C,75242
Artmic,74783
Palm Studio,72503
Sparkly Key Animation,69582
Dandelion Animation Studio,69167
CompTown,68855
Imagineer,67387
FLAT STUDIO,67238
NewGeneration,67227
E&G Films,67095
Studio Live,66540
Studio Lings,66412
Studio 9 Maiami,64155
Digital Network Animation,63642
Ascension,62940
AQUA ARIS,61304
Wonderland,60705
3xCube,60520
Genco,59513
100studio,59283
W-Toon Studio,57784
PoRO petit,56482
Shogakukan-Shueisha Productions,56436
Sakura Create,54800
Digital Frontier,53537
Majin petit,53041
DMM.futureworks,52606
Pandanium,51503
Queen Bee,51227
PRA,50915
Elias,50699
Sola Digital Arts,50426
Studio Ponoc,49211
LandQ studios,49095
Red Dog Culture House,48882
A-Real,48528
BREAKBOTTLE,48496
studio CANDY BOX,48082
Think Corporation,47521
GA-CREW,46582
Saetta,45749
UWAN Pictures,45473
Studio Pastoral,43692
STUDIO POLON,43048
Robot,42970
HMCH,42654
Magia Doraglier,42205
GRIZZLY,41667
Imagica Infos,41659
Yaoyorozu,41356
Anime Antenna Iinkai,41055
PrimeTime,41017
ROLL2,40646
Issen,40547
Studio Mir,40486
Teddy,39823
GARDEN,39762
Collaboration Works,39453
TriF studio,39391
Dongwoo Animation,38687
Space Neko Company,38654
Marza Animation Planet,38641
marone,37981
Ruo Hong Culture,37913
Tokyo Kids,37749
Rabbit Gate,37494
Picture Magic,36004
G&G Entertainment,34902
Studio Saki Makura,34595
Studio Nue,34003
Colored Pencil Animation Japan,33986
LICO,33876
PoRO,33406
BOOTLEG,32789
Majin,32677
Studio Anima,32536
Adnero,32342
BloomZ,31224
Bunny Walker,29911
L² Studio,29781
Kyokuichi Tokyo Movie Shinsha,29737
Wawayu Animation,28553
Square Pictures,28503
Nur,28478
Motion Magic,28443
dwarf,28221
Lilix,27034
ASK Animation Studio,27000
Peak Hunt,26856
Saber Works,26716
Oh! Production,26509
Sotsu,26358
l-a-unch・BOX,26330
Xebec Zwei,26293
Samsara Studio,26114
Anime Antenna Group,26078
Studio Clutch,25950
Craftar,25893
Project Team Argos,25523
Studio Eromatick,25395
Selfish,25190
Suzuki Mirano petit,24751
Planet Cartoon,24698
Soigne,24505
EOTA,24289
Visual Flight,24160
Studio Junio,24039
Studio Matrix,23478
LIDENFILMS Kyoto Studio,23178
GRAPH77,22966
Chaos Project,22896
Studio Animal,22836
Thundray,22396
Pashmina,22343
Voil,22209
Imagica Lab.,22164
YAMATOWORKS,20989
Shion,20917
studio daisy,20697
Alfred Imageworks,20626
NAMU Animation,20491
Po10tial,20488
FLAGSHIP LINE,20464
Phoenix Entertainment,20161
Rising Force,19580
Tokyo Movie,19575
Scooter Films,19198
DNA,19151
Kachigarasu,18992
Studio JEMI,18960
Juumonji,18908
CHIPPAI,18774
Gift-o’-Animation,18746
Studio Dice,18717
INDIVISION,18627
MOE,18288
ZIZ Entertainment,18160
aNCHOR,18159
G-lam,17674
miHoYo Anime,17619
BeSTACK,17270
Office Takeout,17060
Trinet Entertainment,16928
Cyclone Graphics,16911
Tomovies,16877
Cover Corp,16662
STEVE N' STEVEN,16511
Tsuchida Productions,16487
Studio 88,16398
Ryuu M's,16299
Vistec Entertainment,16288
JM animation,16286
Pili International Multimedia,16203
Eiken,16154
Remic,15850
Studio Jam,15843
Aubec,15821
Minami Machi Bugyousho,15729
Imageworks Studio,15702
Qzil.la,15431
Square Enix,15400
Team YokkyuFuman,15073
monofilmo,15053
Animation Planet,14985
Bouncy,14870
OTOIRO,14729
Anima&Co. ,14596
Soyep,14576
Plum,14496
Idea Factory,14417
Trans Arts,14252
B&T,13974
Kachidoki Studio,13896
Kanaban Graphics,13834
Studio Kelmadick,13507
Shanghai Phantom Animation,13445
Collaboration Works petit,13354
Bee Media,13212
UNEND,13207
Seven Stone Entertainment,13192
Green Monster Team,13029
Zero G Room,13015
Qiyuan Yinghua,12727
ark,12724
Shengying Animation,12629
Lantis,12558
Bibury Animation CG,12550
Kaname Production,12473
Tohokushinsha Film Corporation,12361
Acca effe,12269
Anpro,12141
D.A.S.T. Corporation,11985
Giga Production,11872
Shanghai Animation Film Studio,11858
Agent 21,11735
Hero,11723
office DCI,11435
CG Year,11399
Sprite Animation Studios,11270
Wonder Cat Animation,11239
Coco Cartoon,10963
MontBlanc Pictures,10884
EDGE,10864
Lingsanwu Animation,10802
TIA,10746
Juicy Mango,10566
Jinni's Animation Studios,10457
10GAUGE,10339
Studio Sign,10273
Knack Productions,10241
Animate,10173
Jupiter Films,10158
Mu Animation Studio,10158
Pie in the sky,10147
Original Force,10137
LMD,10101
Tomason,10051
Twilight Studio,9985
Djinn Power,9974
Yasuda Genshou Studio by Xenotoon,9927
Studio Flag,9767
Laftel,9708
Team OneOne,9610
Visual 80,9442
Office Academy,9419
Light Chaser Animation,9399
AIC Frontier,9377
Studio Guts,9359
Sega Toys,9352
Andraft,9276
Planet,9194
Quebico,9186
Mary Jane,9102
Hot Zipang ,8952
Ginga Teikoku,8853
Bomb! Cute! Bomb!,8714
Gambit,8675
Hurray!,8634
Qubic Pictures,8614
CGCG Studio Inc.,8614
Village Studio,8517
Casio Entertainment,8509
Nice Boat Animation,8416
NAS,8408
Minakata Laboratory,8362
Kyotoma,8288
Office 8-ban,8233
Triple X,8127
Arect,8083
2:10 Animation,8027
Toho,8026
Suzuki Mirano,7949
Sanrio,7899
Shenman Entertainment,7842
Success,7797
Karaku,7739
Kungfufrog Animation,7735
Tri-Slash,7704
infinite,7577
Raiose,7553
MARU animation,7271
Cotton Doll,7221
TMS-Kyokuchi,7214
Fortes,7175
Aniplex,7143
I was a Ballerina,7088
Flavors Soft,7081
Studio! Cucuri,7033
Chongzhuo Animation,6818
Pink Pineapple,6816
Anime R,6814
Gosay Studio,6805
Venet,6579
Grouper Production,6461
Blue Bread,6454
G-angle,6401
Public & Basic,6305
Fancy Realize Media,6291
FENZ,6271
Animation Staff Room,6249
MooGoo,6247
Poncotan,6225
5 Inc.,6217
YHKT Entertainment,6202
Heart & Soul Animation,6054
Stingray,5987
Build Dream,5971
Project Studio Q,5952
DAX Production,5938
Slash,5894
Crew Cell,5875
Studio Zealot,5812
Liyu Culture,5809
Sasayuri,5778
Asatsu DK,5678
REIRS,5655
Studio Signal,5642
Milky Cartoon,5632
Picograph,5516
Barnum Studio,5509
Pancake,5464
Dynamo Pictures,5455
Studio Fusion,5438
KONAMI animation,5434
Buemon,5432
Team TillDawn,5428
MediaNet,5387
Mousou Senka,5348
T-UP,5322
TEATRO Nishi Tokyo Studio,5249
SAFEHOUSE,5206
Studio Kyuuma,5183
drop,5179
Fever Creations,5128
Mook Animation,5110
Helo,5101
Academy Productions,5086
yell,5081
Durandal,5039
Sunshine Corporation,5023
Sanctuary,5010
MS Pictures,4980
OZ Inc.,4913
Ishimori Entertainment,4895
Xtorm,4826
Jacom,4793
Studio Tumble,4769
Big Bang,4759
Tengu Kobou,4746
Rocen,4736
DRAWIZ,4725
Studio Gohan,4715
Studio OX,4684
BELLNOX FILMS,4661
AniMan,4646
Mili Pictures,4642
KSS,4537
Amber Film Works,4516
MMT,4513
Rikuentai,4496
I.G Zwei,4492
Miyu Productions,4451
TV Asahi,4439
Lide,4438
Cloud Art,4431
Frontier Works,4394
Panda Tower Studio,4379
Sunflowers,4359
Dangun Pictures,4330
animation studio42,4309
BENTEN Film,4297
WHITE BEAR,4290
REALTHING,4251
KeyEast,4251
Takahashi Studio,4211
Studio Kikan,4189
Oxybot,4179
Master Lights,4148
Flint Sugar,4136
Super Normal Studio,4106
Unity of Knowledge and Action Animation,4074
Studio Unicorn,4048
Soei Shinsha,4020
Nippon Columbia,3990
Oriental Creative Color,3942
Gudong Animation Studio,3905
Gravity Well,3905
BYMENT,3828
CALF,3823
ALBACROW,3746
Blaze Studio,3746
Ai ga areba Daijobu,3743
An DerCen,3642
Studio Chromato,3595
AT-2,3583
Character Plan,3578
Studio Nanahoshi,3548
Koo-Ki,3514
Polygon Magic,3501
Front Line,3500
Ishikawa Pro,3473
Sola Entertainment,3439
A Line,3438
Milky Animation Label,3415
Happinet Pictures,3353
Y.O.U.C,3353
Daewon Media,3352
GAINAX Kyoto,3312
Heewon Entertainment,3254
UchuPeople,3239
Pixy,3236
DC Impression Vision,3163
Live2D Creative Studio,3161
Mirai Film,3132
Qiying Animation,3091
Studio G-1Neo,3055
Twin Engine,3052
Studio Zero,3051
STEREOTYPE Inc.,3020
Animation 21,2969
teamKG,2951
Passion Paint Animation,2948
LX Animation Studio,2937
Axis Studios,2930
HiLLS,2913
JCF,2907
Neft Film,2873
STUDIO MORIKEN,2847
MORIE Inc.,2834
Ether Kitten,2827
Studio Outrigger,2812
Folium,2750
Pioneer LDC,2744
LinQ,2741
Studio Crocodile,2712
Kenji Studio,2689
Tencent Penguin Pictures,2668
NHK,2657
HuaMei Animation,2636
STUDIO DOTOU,2611
Mouse,2599
ODDJOB,2577
evg,2571
Azeta Pictures,2566
Horannabi,2555
Heartbit,2537
Qingxiang,2533
GYORAI EIZO,2502
Fantasier Animation,2497
erozuki,2496
Studio Kajino,2496
NHK Enterprises,2492
Opera House,2489
Studio Egg,2457
Ripple Film,2453
PPM,2429
Production Kai,2420
Frontier One,2403
Magilm Pictures,2401
TUBAn,2394
Joicy Studio,2383
One & All Animation Studio,2377
studio maf,2336
Gokuusha,2327
"Yamamura Animation, Inc.",2305
NEXT Animation Studio,2275
ChiChinoya,2254
Synergy Japan,2251
ChuChu,2250
Transcendence Picture,2248
Creators Dot Com,2243
Annapuru,2213
EXNOA,2192
Strawberry Meets Pictures,2166
Tokyo Douga,2156
YOYOmiracle,2152
NOKID,2117
Kokusai Eigasha,2113
October Media,2106
Kigumi,2105
KeroQ,2101
Alke,2092
Animaruya,2086
studio LEO,2082
CHOSEN,2077
IMAGICA DIGITALSCAPE,2067
Charaction,2034
EBS,2033
studio Stellation,2030
STUDIO PPURI,2030
Telescreen BV,2030
Triple A,2012
Joker Films,2012
Skyloong,2006
Shinkuukan,2000
OB Planning,1997
Dancing CG Studio,1980
Durufix,1974
iDRAGONS Creative Studio,1969
Painting Dream,1968
Psyde Kick Studio,1943
maxilla,1935
RAMS,1925
Picona Creative Studio,1903
SIDO,1897
Contrail,1880
mobanimation,1850
Ekura Animal,1848
Japan Taps,1839
Xiaoming Taiji,1820
Wolf Smoke Studio,1818
Bebow,1801
Vasoon Animation,1789
GANSIS,1788
XFLAG PICTURES,1787
Daiei,1769
Fairy Tale Co.,1752
Xing Yi Kai Chen,1747
Procidis,1725
Xiaoying Feiyang Pictures,1712
Asura Film,1709
S.o.K,1702
Anime Tokyo,1682
VAP,1673
Monster's Egg,1658
Sega Games,1652
Nyan Pollution-ω-,1639
San Blas Animation,1639
Greenleaf Animation,1639
Studio Dadashow,1633
d00r works,1629
DropWave,1601
AtoriE,1582
Studio Gazelle,1545
The Monk Studios,1538
Keika Co. Ltd.,1538
Horipro,1538
Four Some,1513
wonderium,1512
Jiang Toon Animation,1478
SPE Visual Works,1461
Yamiken,1458
Nagomi,1451
Taomee,1449
Angelfish,1444
Usagi.Ou,1443
ACC Production,1442
Netflix Anime Creators' Base,1440
Mitsu,1437
Sovat Theater,1413
STUDIO EIGHTCOLORS,1411
Echoes,1401
studio hb,1400
Painted Edge,1397
D.ROCK-ART,1380
Studio Goindol,1371
Studio Ranmaru,1368
Liberty Animation Studio,1363
Puzzle Animation,1344
Kagokan,1317
Jade Animation,1312
Frencel,1303
Lune Pictures,1295
Production Reed,1294
Atelier Giga,1245
StudioGOONEYS,1225
7doc,1223
Infinity Animation,1208
Automatic Flowers Studio,1204
Year Young Culture,1189
Circus Production,1173
Bandai Namco Filmworks,1170
Kun Animation & Comic,1161
Himajin Planning,1158
Nakamura Production,1146
Soda Bear Animation,1145
MOJO,1140
Dynamic Planning,1140
P Productions,1128
STUDIO SOTA,1118
Studio Ten Carat,1117
Noovo Inc.,1117
SAMG Animation,1116
Soeishinsha,1107
BooKong Culture,1106
Xuni Pictures,1102
Dai Nippon Printing,1090
Ijigen TOKYO,1088
Toei Video,1086
Gale,1081
indigo line,1078
Delight Animation,1066
Watanabe Promotion,1059
Cinepix,1054
Yi Chen Animation,1054
Tang Kirin Culture,1028
Dawn Picture,1027
Front Wing,1025
CUE,1015
ASTROBROS.,1012
TRCARTOON,1001
SUPER SUPER,997
Infinity Vision,991
Taikong Works,983
ABC Animation Studio,981
Rouseact,978
Otogi Production,975
IKIF+,963
Schoolzone,960
Coastline Animation Studio,953
Amuse,922
I-move,920
IDREAM Entertainment,917
Dazzling Star,914
MAKING ANIMATION,913
DAX International,911
NEWON,906
Cocktail Media,898
Saber Project,888
Zuiyou Eizou,880
Poly Animation,879
Spooky graphic,875
Bit grooove promotion,862
Choirock,860
Studio Wombat,851
Studio Giants,850
Yi Animation,828
Dou-Raku,826
INTERFACEDOGS,815
SEGA,812
KAGAYA Studio,812
FILMONY,812
SAKURAPRIN Animation,807
KIKO,802
White Paper Animation,802
CCTV Animation,801
Hangzhou Shimei Pictures,791
Piso Studio,776
GOLD BEAR,773
Jinnan Studio,770
ARCUS,760
Studio Deva Loka,759
Friends,757
Fatchi Moxie Studio,744
Qianqi Cartoon,739
Wulifang Animation,737
storyriders,736
Directions,732
OUTLINE,732
Geidai Animation,728
Chiptune,727
Studio Look,726
717 Studio,722
Maten Animation,719
Ocon Studios,715
Shimogumi,710
MANAA ANIMATION,710
Wako Production,695
REGARO,684
SIGNIF,679
Keyring,677
AnimationID,666
Take-Y Inc.,666
Office AO,660
Animation 501,658
STUDIO 6'oN,644
Keica,641
Griot Groove,641
Sparky Animation,640
Amineworks,634
ORENDA,634
Maro Studio,633
pH Studio,629
TThunDer Animation,627
Fantawild Animation,627
NICHICALINE,616
Chirying Culture,601
BigBigSun,595
Yofox Culture,593
SOFA STUDIO,586
mimoid,581
I.Toon,568
HM Heros,567
Studio Magic Zoo,563
NOTHING NEW,553
Promotal,548
Prhythm Vision,547
Hero Communication,545
Pollyanna Graphics Inc,542
Studio W.Baba,537
Creative Power Entertaining,537
Rainbridge Animation,535
Imagica,528
Youku,524
Yaoqi,519
Studio Magara,519
Daysview Animation,511
Hua Dream,496
SYOK Studio,487
Yudubai Animation,487
Trick Block,482
Aqua Entertainment,481
Green Box,474
iQIYI,474
Reike Eyes Animation,468
studio TNT,463
ame pippin,461
Great Dreams Cartoon,460
Sheng Guang Qishi Tuan,449
MI,448
Aquastar,447
Sunny Gapen,446
Gold Valley Films,443
Imagi,440
Image Stream,425
VCRWORKS,416
C&S Production,415
Stella Promotion,407
Iconix Entertainment,403
Boruntong,401
Hyoin Entertainment,400
LOCUS Animation,396
E-DEHI Animation Studio,393
Aisi Animation Studio,389
Visual Persistence,385
Trash Studio,384
Meltdown,383
He Zhou Culture,382
qmotri,382
entity,382
Rockwell Eyes,379
Creative Bridge,379
soket,378
maroyaka,378
Jichitai Anime,378
Spell Bound,378
White Lily,375
I&S Factory,372
Digital Media Lab,368
ManHoo Culture,366
AOI Pro.,365
Eallin,365
Escape Velocity Animation,363
Nishiko Production,361
TECARAT,359
Nur edel,357
Zhongce Picture,357
Story Effect,356
j-cube,352
Miota Studio,351
Datama Film,344
Point Pictures,338
Dreambox Studio,338
Fengyun Animation,337
3D Co.,334
Kaeruotoko Shokai,333
Jintu Pictures,328
TANOism,327
Atoonz,325
Mote Stop-Motion Animation,325
Shenfan Animation,323
Forest Hunting One,320
Pure Arts,320
Space Shell,319
GritWorld,319
Toshiba EMI,317
VANILLA,316
Gekigadan,315
Gakken,315
Dyna Method,310
HS PICTURES,304
Zhuo Hua Network,303
Tetra,301
Kumarba,296
Speed,295
Wind Under the Wings,295
Green Planet Studio,291
Media Station,290
Fun Media,285
FILMKO,285
Medo,282
Shinano Kikaku,282
Symphonium,278
Point Five Creations,277
Rastar,277
Bright Studio,276
Star Hunter Animation,275
happyproject,272
Atelier Bitol,270
Kaca Entertainment,261
Cloud Culture,258
Meditation With a Pencil,257
BETOBE,255
Shogakukan,254
ITS CARTOON,253
studioDOT,252
matlity,252
Flying Ship Studio,252
Plott,252
KIO STUDIO,252
ICHIZIKU,251
Max-World,249
Hong Ying Animation,249
Lifework,247
Egg,245
HAPPYMAN♥,244
Tyhoo CG,243
Charming Fox Animation,243
GEAR STUDIO,239
Mili Digital,238
Takara Tomy,236
Dwango,234
Kyoto Seika University,232
Shi Qi Yu Mo,230
SUSPENDERS,230
Tele-Cartoon Japan,227
Tama Production,223
Sorajima Studio,221
Feng Donghua Culture,217
Tomoyasu Murata Company,217
Fast Snail,214
Creative House Pocket,211
KUAIYING,210
Benesse Corporation,208
Union Cho,208
Korean Academy of Film Arts,206
Orcen,202
Studio Compile,202
Elite Animation,201
Yinhe Changxing Culture,201
SJYNEXCUS,198
Block 12,198
Tsubasa Production,197
Tsukimidou,196
Aurora,194
Studio Bogey,193
Wonder Kids,193
TMX Art,191
Shanghai Longcang Cultural Creative Company,190
Studio N,188
Studio Mindo,184
APEX VISION,184
Ziine Studio,183
Seoul Movie,183
Studio Ugoki,183
Type ZERO,178
Zoland Animation,178
BlueArc Animation Studio,177
Ke Yue Xue Zi,175
WinSing Animation,174
Boundary,172
Liliyabi,171
Gen Long Culture,171
Coloroom Pictures,171
33 Collective,168
Chuangpu Animation Studio,167
G.H.Y. Culture & Media,166
Alpha Animation,164
R11R Pictures,163
Vooz Character System,163
MagiDian,160
Starry Cube,159
INREALITY,158
Wenzhou Mengbu Anime Design,158
Origin Chasing,158
Transistor Studio,157
Grimae Animation Studio,156
Pingo Entertainment,154
Original Dream,153
Campfire Aniworks,153
Thymos Media,148
UOU Studio,148
Shouchiku,146
One Punch,145
FIREBUG,143
No Side,142
Children's Playground Creative,141
Cheer Digiart,141
Picsys,140
TWR Entertainment,138
XMOV,137
VIGORE,136
Global Digital Creations,136
Chuangqi Studio,134
TCJ,133
Shangshui Original,130
A4works,129
Studio HUIT,129
Yixiang Culture,129
Fishing Cat Culture,128
Thunder River,126
Maple Toon,126
Pass Media,126
Fuji TV,123
Apples,123
Magic Lantern Film,122
We've,122
Ruichen Pictures,119
Studio Pasa,118
Suzume,117
Arc Anime,116
YAMATO WORKS,115
Original Heart,114
Burning Animation,114
Sakura Eiga,114
Universal Star Animation,113
Mandrill Picture Corp,109
Honglu Technology,109
Hui Guang Studio,107
ILCASHIPS,106
Next Media Animation,106
Simage Animation,106
Crius Animation,105
MMDGP,103
Brave pictures,101
Studio MAGICPOT,100
Base Media,100
1IN,99
Coyote,98
JJJoy Animation Studios,97
Ryukyu Asahi Broadcasting,96
Paintfree,93
Shobi University,92
STANDTOWER,89
Picante Circus,87
Planet Studios,86
PAPA ,84
Dejavu Media,83
Sansan Studio,83
Observatory Animation,81
Duoling Cartoon,79
Doumu Animation,79
Saiji,77
Studio Kingyoiro,76
Soul Stone Animation Studio,75
Tama Art University,73
STUDIO POLARIS,72
Marubeni,72
Mind Wind Studio,72
Number 19 Animation,72
Steam Works,72
Tide Boy,72
FUNNY MOVIE,71
CEKAI,70
Toon Harbor Works,69
Studio Mangosteen,69
Mainichi Eigasha,67
Pai Naodai Animation,67
Xinglü Animation,67
Motherland Entertainment,65
Anyzac,65
Da Yu,64
Wu Zhi Guanying Dongman,63
BONEDD,62
SOUL CREATIVE,61
IKEAnimations,60
Kyowa ,60
Tsumupapa,60
D & D Pictures,59
Red Whale Studios,59
Xiaoxiang Pictures,58
Hangil Production,58
Konyoshi,56
Aka no Joou Kasetsu,52
Ten Tails Animation,52
Chongliyuhua,49
Tiantai Animation,47
AMAKAWAANIMATION,46
Bytehoo,46
Soular Animation,45
Realwood Studios,38
Xiaolan Friends,37
Studio 8 Dogs,35
Coco Legends,34
Lingke Culture,33
G.S. Pictures Animation,32
Xiyang Culture,31
Perfect Kunpeng,30
OutSide Directors Company,29
Pierce Visual Works,28
5BRICKS,27
Fun Flux Entertainment,27
Kuri Jikken Manga Kobo,25
DOLESS,23
Ensak Entertainment,23
JIUBAO ANIMATION,8
